{"Zitata":[{"Home":"home","Dimension":0,"X":200.48154037911445,"Y":66.0,"Z":258.3601638378897}]}