{
"Player112":[{
"Home":"home",
"Dimension":0,
"X":454.30748552442515,
"Y":7.220057010650635,
"Z":-786.9995499339253
}],
"Player539":[{
"Home":"home",
"Dimension":0,
"X":454.30748552442515,
"Y":7.220057010650635,
"Z":-787.0246899063408
}],
"Player686":[{
"Home":"home",
"Dimension":0,
"X":454.30748552442515,
"Y":7.220057010650635,
"Z":-787.0246899063408
}],
"Player195":[{
"Home":"home",
"Dimension":0,
"X":454.30748552442515,
"Y":7.220057010650635,
"Z":-787.0246899063408
}],
"Player614":[{
"Home":"home",
"Dimension":0,
"X":454.30748552442515,
"Y":7.220057010650635,
"Z":-787.0246899063408
}],
"Player271":[{
"Home":"home",
"Dimension":0,
"X":454.30748552442515,
"Y":7.220057010650635,
"Z":-787.0246899063408
}],
"Player325":[],
"Player828":[{
"Home":"home",
"Dimension":0,
"X":454.31441693017246,
"Y":7.220057010650635,
"Z":-788.5395160199956
}],
"Player891":[],
"Player951":[{
"Home":"home",
"Dimension":0,
"X":429.1706716119593,
"Y":17.701152738678303,
"Z":-834.4815529528372
}],
"Player606":[{
"Home":"home",
"Dimension":0,
"X":437.3077099040583,
"Y":17.701152801513672,
"Z":-826.6380043458411
}],
"Player795":[{
"Home":"home",
"Dimension":0,
"X":1136.5219023643876,
"Y":4.0,
"Z":-1146.306749836521
}],
"Player743":[{
"Home":"home",
"Dimension":0,
"X":1136.1102285790225,
"Y":4.0,
"Z":-1121.195712791925
}],
"Player299":[{
"Home":"home",
"Dimension":0,
"X":1132.5,
"Y":4.0,
"Z":-1161.2115415544274
}],
"Player196":[{
"Home":"home",
"Dimension":0,
"X":1144.6201111262199,
"Y":6.615816639053824,
"Z":-1145.8877876932668
},
{
"Home":"home2",
"Dimension":0,
"X":1139.7850676624273,
"Y":6.615816639053824,
"Z":-1145.8916471678
}],
"Player106":[],
"Player775":[{
"Home":"home",
"Dimension":0,
"X":1142.0562400183835,
"Y":6.615816593170166,
"Z":-1137.117161213697
}]
}