{"Player942":[{"name":"home","publicPoint":false,"dimension":0,"x":614.8240083254371,"y":6.651133524597149,"z":-250.03207223003437}],"Player893":[{"name":"home","publicPoint":false,"dimension":0,"x":618.0782090133523,"y":14.872846036622526,"z":-196.80783223475865},{"name":"2","publicPoint":false,"dimension":0,"x":619.8452447526802,"y":14.872846036622526,"z":-200.55549119507907}]}